1/length,roe_kj/mol,smiles_monomer,smiles_polymer
0,-9.85,CC1OCCOC1=O,[*]OCCOC(C)C([*])=O
0,-16.8,CC1CCC(C(C)C)OC(=O)C1,[*]OC(CCC(C)CC([*])=O)C(C)C
0,-13.8,CC1CCOC(=O)C1,[*]OCCC(C)CC([*])=O
0,-5.4,O=C1CCCO1,[*]OCCCC([*])=O
0,-13.8,CC1CCCC(=O)O1,[*]OC(C)CCCC([*])=O
0,-17.1,CCCCCC1CCCC(=O)O1,[*]OC(CCCCC)CCCC([*])=O
0,-11.6,CC1OCCC(=O)O1,[*]OC(C)OCCC([*])=O
0,-14.1,O=C1COCCO1,[*]OCCOCC([*])=O
0,-8.4,O=C1CCCCO1,[*]OCCCCC([*])=O
0,-14,O=C1CCCCCO1,[*]OCCCCCC([*])=O
0,-18,O=C2CC1CCCCC1O2,[*]OC1CCCCC1CC([*])=O
0,-15.6,CC(C)(C)OC(=O)N1CC2CC1C(=O)S2,[*]SC1CC(C([*])=O)N(C(=O)OC(C)(C)C)C1
0,-9.4,C=CCOCCOCCOCCOC(=O)NC1C(=O)SC1(C)C,[*]SC(C)(C)C(NC(=O)OCCOCCOCCOCC=C)C([*])=O
0,-20,O=C1OCC2CCCCC12,[*]OCC1CCCCC1C([*])=O
0,-22,C=CCOCC1(CC)COC(=O)OC1,[*]CC(CC)(COCC=C)COC(=O)O[*]
0,-79.84,CCCCC1(C)CNC1=O,[*]NCC(C)(CCCC)C([*])=O
0,-113,C1CC1,[*]CCC[*]
0,-94,C1CO1,[*]CCO[*]
0,-105.01,C1CCC1,[*]CCCC[*]
0,-81,O=C1CCO1,[*]OCCC([*])=O
0,-21.2,C1CCCC1,[*]CCCCC[*]
0,-5.4,O=C1CCCCS1,[*]CCCCC(=O)S[*]
0,-9.5,O=C1CSCCS1,[*]SCCSCC([*])=O
0,-14,COP1(=O)OCCO1,[*]OCCOP([*])(=O)OC
0,-8,O=C1CCCCCCCCCCCCO1,[*]OCCCCCCCCCCCCC([*])=O
0,-23,O=C2OC1CCCCC1O2,[*]OC1CCCCC1OC([*])=O
0,-26,O=C1OCCCO1,[*]OCCCOC([*])=O
0,-24,C1CCOC1,[*]CCCCO[*]
0,-18,O=C1NCCCO1,[*]OCCCNC([*])=O
0,2.9288,C1CCCCC1,[*]CCCCCC[*]
0,-21.7568,C1CCCCCC1,[*]CCCCCCC[*]
0,-34.7272,C1CCCCCCC1,[*]CCCCCCCC[*]
0,-23.43,C1=CCCC1,[*]CCCCC=[*]
0,-23.012,O=S1(=O)CCCO1,[*]CCCS(=O)(=O)O[*]
0,-19.63,CC(C)(C)OC(=O)N1CCOC(=O)C1,[*]OCCN(CC([*])=O)C(=O)OC(C)(C)C
0,-15.7,O=C(OCC)CCCCC1CCSS1,[*]SCCC(CCCCC(OCC)=O)S[*]
0,-1.07,O=C(OCC(C)COC(C1=CC=C(C(OCC(C)COC2=O)=O)C=C1)=O)C3=CC=C2C=C3,[*]C(C1=CC=C(C(OCC(C)CO[*])=O)C=C1)=O
0,-2.67,O=C(OCC(C)(C)COC(C1=CC=C(C(OCC(C)(C)COC2=O)=O)C=C1)=O)C3=CC=C2C=C3,[*]C(C1=CC=C(C(OCC(C)(C)CO[*])=O)C=C1)=O
0,-22.59,CC1CCOC1,[*]OCC(C)CC[*]
0,-21.34,C1C=CCC1C2=CC=CC=C2,[*]=CCC(C1=CC=CC=C1)CC=[*]
0,-23.8,O=C1N[C@H]2CCC[C@@H]1O2,O=C([C@@H]1CC[C@@H](OC1)N[*])[*]
0,-100.83,CC1CC1,[*]CC(C)C[*]
0,-95.81,CC1CCC1,[*]CCC(C)C[*]
0,-12.97,CC1CCCC1,[*]CCCC(C)C[*]
0,13.39,CC1CCCCC1,[*]CC(C)CCCC[*]
0,-57.32,CC1(C)CC1,[*]CC(C)(C)C[*]
0,-85.35,CC1(C)CCC1,[*]CC(C)(C)CC[*]
0,0.84,CC1(C)CCCC1,[*]CC(C)(C)CCC[*]
0,21.76,CC1(C)CCCCC1,[*]CC(C)(CCCC[*])C
0,-24.23,S=C1CCCCCO1,[*]CCCCCC(=S)O[*]
0,-19.25,O=C1OCCCCCC1,O=C(CCCCCCO[*])[*]
0,-14.1,O=C1S[C@@H]2CC[C@H]1C2,[*]SC1CCC(C([*])=O)C1
0,-19.3,CC1(C)SCCSC1=O,[*]CCSC(C)(C)C(=O)S[*]
0,-10.2,CC1SCCSC1=O,[*]CCSC(C)C(=O)S[*]
0,-13,CC1CCCOC1=O,[*]OCCCC(C)C([*])=O
0,-15.8,CC1CCC(=O)OC1,[*]OCC(C)CCC([*])=O
0,-16.4,CCC1CCCC(=O)O1,[*]OC(CC)CCCC([*])=O
0,-18.5,CCCC1CCCC(=O)O1,[*]OC(CCC)CCCC([*])=O
0,-17,CCCCC1CCCC(=O)O1,[*]OC(CCCC)CCCC([*])=O
0,-18.4,CCCCCCC1CCCC(=O)O1,[*]OC(CCCCCC)CCCC([*])=O
0,-18.7,CCCCCCCC1CCCC(=O)O1,[*]OC(CCCCCCC)CCCC([*])=O
0,-16.8,CCCCCCCCCC1CCCC(=O)O1,[*]OC(CCCCCCCCC)CCCC([*])=O
0,-16.8,CC(C)C1CC(=O)OC(C)C1,[*]OC(C)CC(CC([*])=O)C(C)C
0,-5.9,C=C1CCOC1=O,[*]OCCC(=C)C([*])=O
0,-4.5,CN1[Si](C)(C)O[Si](C)(C)O[Si]1(C)C,[*]O[Si](C)(C)N(C)[Si](C)(C)O[Si]([*])(C)C
0,-23.9,CC1OC(=O)C(C)OC1=O,[*]OC(C)C(=O)OC(C)C([*])=O
0,-16.8252222,C1=CCCC1,[*]CC=CCC[*]
0,-17.5751901,CC(C)(C)[Si](C)(C)OC1CC=CC1,[*]CC=CCC([*])O[Si](C)(C)C(C)(C)C
0,-21.0207189,O=C(OCc1ccccc1)C2CC=CC2,[*]CC=CCC([*])C(=O)OCc1ccccc1
0,-15.2803881,C2=CCC(OCc1ccccc1)C2,[*]CC=CCC([*])OCc1ccccc1
0,-17.5984707,C2=CCC(COCc1ccccc1)C2,[*]CC=CCC([*])COCc1ccccc1
0,-18.3999885,OCC1CC=CC1,[*]CC=CCC([*])CO
0,-14.83722525,COC(=O)C1CC=CC1,[*]CC=CCC([*])C(=O)OC
0,-12.7810494,O=C(O)C1CC=CC1,[*]CC=CCC([*])C(=O)O
0,-22.6,CC(C)(Br)C(=O)OC1CC=CC1,[*]CC=CCC([*])OC(=O)C(C)(C)Br
0,-21.358666,C2=CCC(c1ccccc1)C2,[*]CC=CCC([*])c1ccccc1
0,-11.5015876,OC1CC=CC1,[*]CC=CCC([*])O
0,-23.8,O=C1N([H])C2CCCC1O2,[*]NC1CCCC(C([*])=O)O1
0,-4.5,O=C1SCCCC1C,O=C(C(C)CCC[*])S[*]
0,-12.7,C[Si](C)(OC1C=CCC1)C,[*]C/C=C/C(O[Si](C)(C)C)C[*]
0,-21.3,CC[Si](CC)(OC1C=CCC1)CC,[*]C/C=C/C(C[*])O[Si](CC)(CC)CC
0,-6.8,C[Si](C(C)(C)C)(OC1C=CCC1)C,[*]C/C=C/C(O[Si](C(C)(C)C)(C)C)C[*]
0,-17.9,O=C(OC)CCCCC1SSCC1,O=C(OC)CCCCC(CCS[*])S[*]
0,-21,CC1(C)COC(=O)OC1,[*]CC(C)(C)COC(=O)O[*]
0,-18,CCC1(CC)COC(=O)OC1,[*]CC(CC)(CC)COC(=O)O[*]
0,-16,CC2(c1ccccc1)COC(=O)OC2,[*]CC(C)(COC(=O)O[*])c1ccccc1
0,-5,CCC2(c1ccccc1)COC(=O)OC2,[*]CC(CC)(COC(=O)O[*])c1ccccc1
0,-25,CC(=O)OC1CC(=O)OC(C)C1,[*]OC(C)CC(CC([*])=O)OC(C)=O
0,-4.92,CC1SC(=O)C(C)SC1=O,[*]SC(C)C(=O)SC(C)C([*])=O
0,-17.88,O=[N+](C1=CC(CC(OC)CCCS2)=C2C=C1)[O-],[*]C1=CC=C([N+]([O-])=O)C=C1CC(OC)CCCS[*]
0,-16.5,C=C1CCCOC1=O,[*]OCCCC(=C)C([*])=O
0,-15.2,COC(=O)C1CCC(=O)OC1,[*]OCC(CCC([*])=O)C(=O)OC
0,-27.3,CC2(C)Oc1ccccc1COC2=O,[*]OCc1ccccc1OC(C)(C)C([*])=O
0,-21.1,O=C1OC2CCCC1C2,[*]OC1CCCC(C([*])=O)C1
0,-10,O=C1NC2CCCC1C2,[*]NC1CCCC(C([*])=O)C1
0,-20,C1COCO1,[*]COCCO[*]
0,-8.8,C/2=C/CC[C@@H]1CC[C@H]1CC2,[*]=CCC[C@@H]1CC[C@H]1CCC=[*]
0,-7.1,COC(=O)C2[C@H]1CC/C=C\CC[C@@H]1C2C(=O)OC,[*]=CCC[C@H]1[C@H](CCC=[*])C(C(=O)OC)C1C(=O)OC
0,-11.7,O=C3[C@@H]2[C@H]1CC/C=C\CC[C@@H]1[C@@H]2C(=O)N3c4ccccc4,[*]=CCC[C@H]2[C@H](CCC=[*])[C@@H]3C(=O)N(c1ccccc1)C(=O)[C@H]23
0,-12.1,C/2=C/CC[C@@H]1CCC[C@H]1CC2,[*]=CCC[C@@H]1CCC[C@H]1CCC=[*]
0,-11.3,C/2=C/CC[C@@H]1OCO[C@H]1CC2,[*]=CCC[C@@H]1OCO[C@H]1CCC=[*]
0,-10.9,CC2O[C@H]1CC/C=C\CC[C@@H]1O2,[*]=CCC[C@@H]1OC(C)O[C@H]1CCC=[*]
0,-13.4,CC2(C)O[C@H]1CC/C=C\CC[C@@H]1O2,[*]=CCC[C@@H]1OC(C)(C)O[C@H]1CCC=[*]
0,-13.8,CCCCCC2(CCCC)O[C@H]1CC/C=C\CC[C@@H]1O2,[*]=CCC[C@@H]1OC(CCCC)(CCCCC)O[C@H]1CCC=[*]
0,-11.7,C/3=C/CC[C@@H]2OC1(CCCCC1)O[C@H]2CC3,[*]=CCC[C@@H]2OC1(CCCCC1)O[C@H]2CCC=[*]
0,-34.7,O=C1OC2C=CCC1C2,[*]OC1C=CCC(C([*])=O)C1
0,-19.8,O=C1OC2C=CCC1C2,[*]=CCC1CC(C=[*])OC1=O
0,-20.9,C1=COCC1,[*]=CCCOC=[*]
0,-18.11,CC1CCCSC(=S)S1,[*]SCCCC(C)SC([*])=S
1,-13.71595181,CC1OCCOC1=O,[*]OCCOC(C)C([*])=O
1,13.87573289,CC1CCC(C(C)C)OC(=O)C1,[*]OC(CCC(C)CC([*])=O)C(C)C
1,16.01082059,CC1CCOC(=O)C1,[*]OCCC(C)CC([*])=O
1,1.833305271,O=C1CCCO1,[*]OCCCC([*])=O
1,-14.03490709,CC1CCCC(=O)O1,[*]OC(C)CCCC([*])=O
1,-1.267360558,CCCCCC1CCCC(=O)O1,[*]OC(CCCCC)CCCC([*])=O
1,11.14237359,O=C1COCCO1,[*]OCCOCC([*])=O
1,-23.31413785,O=C1CCCCO1,[*]OCCCCC([*])=O
1,-21.88053303,O=C1CCCCCO1,[*]OCCCCCC([*])=O
1,-17.37939975,C=CCOCC1(CC)COC(=O)OC1,[*]CC(CC)(COCC=C)COC(=O)O[*]
1,-14.72268517,O=C1CCCCCN1,[*]NCCCCCC([*])=O
1,-3.021831515,O=C1CCCCCCN1,[*]NCCCCCCC([*])=O
1,-19.99289416,O=C1CCCCCCCN1,[*]NCCCCCCCC([*])=O
1,-8.63718757,O=C1CCCCCCCCCCCN1,[*]NCCCCCCCCCCCC([*])=O
1,-77.80608666,C1CC1,[*]CCC[*]
1,-77.59291621,C1CO1,[*]CCO[*]
1,-74.24708984,C1CCC1,[*]CCCC[*]
1,-61.38751255,O=C1CCO1,[*]OCCC([*])=O
1,-1.506184755,C1CCCC1,[*]CCCCC[*]
1,15.79791922,O=C1SC2=C(C=CC=C2)CC1,O=C([*])CCC(C=CC=C1)=C1S[*]
1,20.97241851,O=C1SCCC2=C1C=CC=C2,O=C([*])C(C=CC=C1)=C1CCS[*]
1,64.91100705,O=C1SC2=C(C=CC=C2)C3=C1C=CC=C3,O=C([*])C(C=CC=C1)=C1C(C=CC=C2)=C2S[*]
1,3.428888993,O=C(CS1)N(C)CC1=O,O=C(CS[*])N(C)CC([*])=O
1,15.57861908,O=C(CS1)N(CC)CC1=O,O=C(CS[*])N(CC)CC([*])=O
1,11.23041824,O=C1SCC(N[C@H]1CC2=CC=CC=C2)=O,O=C([*])[C@H](CC1=CC=CC=C1)NC(CS[*])=O
1,33.73019594,O=C1S[C@H](CC2=CC=CC=C2)C(N[C@H]1CC3=CC=CC=C3)=O,O=C([*])[C@H](CC1=CC=CC=C1)NC([C@@H](CC2=CC=CC=C2)S[*])=O
1,-12.58206325,O=C1[C@H](NC(OC(C)(C)C)=O)CS1,O=C([*])[C@H](NC(OC(C)(C)C)=O)CS[*]
1,-39.9990322,S=C1CCS1,S=C([*])CCS[*]
1,5.977821166,S=C1SCCCC1,S=C([*])CCCCS[*]
1,-8.925926532,O=C1OCCCCCC1,O=C([*])CCCCCCO[*]
1,-50.309591,S=C1CCO1,S=C([*])CCO[*]
1,-22.59146884,S=C1OCCCC1,S=C([*])CCCCO[*]
1,-34.79451005,O=C1CCS1,O=C([*])CCS[*]
1,2.949607905,O=C1SCCCC1,O=C([*])CCCCS[*]
1,-4.10823528,O=C1SCCCCC1,O=C([*])CCCCCS[*]
1,-17.82558528,O=C1SCCCCCC1,O=C([*])CCCCCCS[*]
1,-64.16603024,O=C1CCN1[H],O=C([*])CCN([*])[H]
1,13.82213724,O=C1N([H])CCC1,O=C([*])CCCN([*])[H]
1,16.31117635,O=C1N([H])CCCC1,O=C([*])CCCCN[*]
1,-47.506745,O=C1OCO1,O=C([*])OCO[*]
1,-0.167827107,O=C1OCCO1,O=C([*])OCCO[*]
1,-20.28836816,O=C1OCCCO1,O=C([*])OCCCO[*]
1,-33.04032899,O=C1OCCCCO1,O=C([*])OCCCCO[*]
1,-25.47696483,O=C1OCCCCCO1,O=C([*])OCCCCCO[*]
1,-59.36039119,O=C1OCN1,O=C([*])OCN[*]
1,-13.22767771,O=C1NCCO1,O=C([*])OCCN[*]
1,-19.83842388,O=C1NCCCO1,O=C([*])OCCCN[*]
1,-24.68605351,O=C1NCCCCO1,O=C([*])OCCCCN[*]
1,16.29459527,O=C1OCCSC1,O=C([*])CSCCO[*]
1,4.074156758,O=C1SCOCC1,O=C([*])CCOCS[*]
1,6.546714981,O=C1SCCOC1,O=C([*])COCCS[*]
1,12.48290654,S=C1SCCSC1,S=C([*])CSCCS[*]
1,-25.45288463,S1SSSSSSS1,[*]SSSSSSSS[*]
1,6.153657116,O=C1SCCCC1C,O=C([*])C(C)CCCS[*]
1,13.67610125,O=C1SCCC(C)(C)C1,O=C([*])CC(C)(C)CCS[*]
1,-1.833,O=C1SCCCC1(C)C,O=C([*])C(C)(C)CCCS[*]
1,20.61679172,S=C1SCCC(C)C1,S=C([*])CC(C)CCS[*]
1,3.064154829,S=C1SCCCC1C,S=C([*])C(C)CCCS[*]
1,10.79236276,O=C1SCCC1,O=C([*])CCCS[*]
1,-1.642225447,O=C1SCCSC1,O=C([*])CSCCS[*]
1,-0.745072248,O=C1SCCOC2=CC=CC=C21,O=C([*])C1=CC=CC=C1OCCS[*]
1,-13.45705673,O=C1SCCCS1,O=C([*])SCCCS[*]
1,-4.397160544,O=C1SCCCO1,O=C([*])OCCCS[*]
1,1.848104544,S=C1SCCCS1,S=C([*])SCCCS[*]
1,16.02032358,S=C1SCCO1,S=C([*])OCCS[*]
1,9.853403215,C12=CC=CC=C1SCCC3=C2C=CC=C3,[*]C1=CC=CC=C1C(C=CC=C2)=C2CCS[*]
1,8.427346869,C1=CCCC1,[*]C=CCCC[*]
1,-62.55819428,CC1CO1,[*]CC(C)O[*]
1,-79.46690225,C1COC1,[*]CCCO[*]
1,-60.36210474,CC1CCO1,[*]CCC(C)O[*]
1,-62.10323929,CC1COC1,[*]CC(C)CO[*]
1,-76.90097026,OC1COC1,[*]CC(O)CO[*]
1,-84.84755151,C1CSS1,[*]CCSS[*]
1,-34.08020645,CC1CS1,[*]CC(C)S[*]
1,-25.56675576,CCC1CS1,[*]CC(CC)S[*]
1,-12.62530577,C1CSSC1,[*]CCCSS[*]
1,-30.01654924,CC1(C)CS1,[*]CC(C)(C)S[*]
1,-47.44378139,CC1CCS1,[*]CCC(C)S[*]
1,9.39832671,C1CCSC1,[*]CCCCS[*]
1,-51.83818412,O=C1CCO1,[*]CCC(=O)O[*]
1,-77.50217151,O=C1CCN1,[*]CCC(=O)N[*]
1,-85.32588121,C1CN1,[*]CCN[*]
1,-164.0711816,CC1(C)C=C1,[*]C=CC([*])(C)C
1,3.879360964,O=C1CCCCS1,[*]CCCCC(=O)S[*]
1,-33.75944496,O=S1CCC1,[*]CCCS([*])=O
1,25.71785231,O=C2OC1CCCCC1O2,[*]OC1CCCCC1OC([*])=O
1,4.119127338,C1CCOC1,[*]CCCCO[*]
1,-17.79449175,O=C1NCCCO1,[*]OCCCNC([*])=O
1,13.0056018,C1CCCCC1,[*]CCCCCC[*]
1,-4.755560263,C1CCCCCC1,[*]CCCCCCC[*]
1,-18.51636315,C1CCCCCCC1,[*]CCCCCCCC[*]
1,-4.043415373,C1=CCCC1,[*]CCCCC=[*]
1,-13.92313408,O=S1(=O)CCCO1,[*]CCCS(=O)(=O)O[*]
1,-1.046487956,CC(C)(C)OC(=O)N1CCOC(=O)C1,[*]OCCN(CC([*])=O)C(=O)OC(C)(C)C
1,4.410939685,O=C(OCC)CCCCC1CCSS1,[*]SCCC(CCCCC(OCC)=O)S[*]
1,7.9565,CC1CCOC1,[*]OCC(C)CC[*]
1,-61.92704099,CC1CC1,[*]CC(C)C[*]
1,-66.83285016,CC1CCC1,[*]CCC(C)C[*]
1,4.470796813,CC1CCCC1,[*]CCCC(C)C[*]
1,19.528556,CC1CCCCC1,[*]CC(C)CCCC[*]
1,-62.4445,CC1(C)CC1,[*]CC(C)(C)C[*]
1,18.18336602,CC1(C)CCCC1,[*]CC(C)(C)CCC[*]
1,37.13267441,CC1(C)CCCCC1,[*]CC(C)(CCCC[*])C
1,-2.129801604,S=C1CCCCCO1,[*]CCCCCC(=S)O[*]
1,11.92158339,O=C1S[C@@H]2CC[C@H]1C2,[*]SC1CCC(C([*])=O)C1
1,-14.43999878,CC1(C)SCCSC1=O,[*]CCSC(C)(C)C(=O)S[*]
1,-7.52442262,CC1SCCSC1=O,[*]CCSC(C)C(=O)S[*]
1,-19.83627825,CC1CCCOC1=O,[*]OCCCC(C)C([*])=O
1,11.01435646,CC1CCC(=O)OC1,[*]OCC(C)CCC([*])=O
1,-1.531521223,CCC1CCCC(=O)O1,[*]OC(CC)CCCC([*])=O
1,9.227649839,CCCC1CCCC(=O)O1,[*]OC(CCC)CCCC([*])=O
1,-13.06924352,CCCCC1CCCC(=O)O1,[*]OC(CCCC)CCCC([*])=O
1,-4.30694125,CCCCCCC1CCCC(=O)O1,[*]OC(CCCCCC)CCCC([*])=O
1,-0.0976,CCCCCCCC1CCCC(=O)O1,[*]OC(CCCCCCC)CCCC([*])=O
1,-16.26371583,CCCCCCCCCC1CCCC(=O)O1,[*]OC(CCCCCCCCC)CCCC([*])=O
1,6.247521176,CC(C)C1CC(=O)OC(C)C1,[*]OC(C)CC(CC([*])=O)C(C)C
1,-3.887183916,C=C1CCOC1=O,[*]OCCC(=C)C([*])=O
1,-30.23019139,CC1OC(=O)C(C)OC1=O,[*]OC(C)C(=O)OC(C)C([*])=O
1,-6.520283869,O=C(OCc1ccccc1)C2CC=CC2,[*]CC=CCC([*])C(=O)OCc1ccccc1
1,10.03432329,C2=CCC(OCc1ccccc1)C2,[*]CC=CCC([*])OCc1ccccc1
1,7.931354161,C2=CCC(COCc1ccccc1)C2,[*]CC=CCC([*])COCc1ccccc1
1,10.46547962,OCC1CC=CC1,[*]CC=CCC([*])CO
1,2.493627846,COC(=O)C1CC=CC1,[*]CC=CCC([*])C(=O)OC
1,3.756341052,O=C(O)C1CC=CC1,[*]CC=CCC([*])C(=O)O
1,2.484686522,C2=CCC(c1ccccc1)C2,[*]CC=CCC([*])c1ccccc1
1,1.460255778,OC1CC=CC1,[*]CC=CCC([*])O
1,8.309905668,O=C1N([H])C2CCCC1O2,[*]NC1CCCC(C([*])=O)O1
1,10.18487555,O=C1SCCC(C)C1,[*]C(CC(C)CCS[*])=O
1,5.156719567,O=C1SCCCC1C,O=C(C(C)CCC[*])S[*]
1,-2.276168213,O=C(OC)CCCCC1SSCC1,O=C(OC)CCCCC(CCS[*])S[*]
1,-10.07935236,CC1(C)COC(=O)OC1,[*]CC(C)(C)COC(=O)O[*]
1,-6.778891894,CCC1(CC)COC(=O)OC1,[*]CC(CC)(CC)COC(=O)O[*]
1,-13.81733726,CC2(c1ccccc1)COC(=O)OC2,[*]CC(C)(COC(=O)O[*])c1ccccc1
1,-0.698954629,CCC2(c1ccccc1)COC(=O)OC2,[*]CC(CC)(COC(=O)O[*])c1ccccc1
1,6.488528096,O=C1SCCSC1C2=CC=CC=C2,[*]CCSC(C1=CC=CC=C1)C(S[*])=O
1,2.805601428,CC(=O)OC1CC(=O)OC(C)C1,[*]OC(C)CC(CC([*])=O)OC(C)=O
1,-6.261756449,S=C1SCCSC1C2=CC=CC=C2,[*]C(C(C1=CC=CC=C1)SCCS[*])=S
1,2.757849699,S=C1SCCSC1C,[*]C(C(C)SCCS[*])=S
1,5.78574804,S=C1SCCSC1(C)C,[*]C(C(C)(C)SCCS[*])=S
1,26.94133165,S=C(C(C)(C)S1)SC(C)(C)C1=S,[*]C(C(C)(C)SC(C(C)(C)S[*])=S)=S
1,-11.99370944,S=C1SCCCO1,S=C([*])OCCCS[*]
1,-18.22424177,S=C1OCCCO1,S=C([*])OCCCO[*]
1,29.53577379,CC1SC(=O)C(C)SC1=O,[*]SC(C)C(=O)SC(C)C([*])=O
1,-13.97934578,C=C(CCCS1)CC2=C1C=CC([N+]([O-])=O)=C2,C=C(CCCS[*])CC1=C([*])C=CC([N+]([O-])=O)=C1
1,-9.241213264,O=C(CCCS1)CC2=C1C=CC([N+]([O-])=O)=C2,O=C(CCCS[*])CC1=C([*])C=CC([N+]([O-])=O)=C1
1,-11.88134643,OC(CCCS1)CC2=C1C=CC([N+]([O-])=O)=C2,OC(CCCS[*])CC1=C([*])C=CC([N+]([O-])=O)=C1
1,-14.03284246,O=C1CC2=CC([N+]([O-])=O)=CC=C2SCCCC1,O=C(CCCCS[*])CC1=CC([N+]([O-])=O)=CC=C1[*]
1,-4.33837338,C=C1CC2=CC([N+]([O-])=O)=CC=C2SCCCC1,C=C(CCCCS[*])CC1=CC([N+]([O-])=O)=CC=C1[*]
1,-4.785052472,OC1CC2=CC([N+]([O-])=O)=CC=C2SCCCC1,OC(CCCCS[*])CC1=CC([N+]([O-])=O)=CC=C1[*]
0.750750751,-10.75279868,CC1OCCOC1=O,[*]OCCOC(C)C([*])=O
0.750750751,8.046920075,CC1CCC(C(C)C)OC(=O)C1,[*]OC(CCC(C)CC([*])=O)C(C)C
0.750750751,3.439502406,CC1CCOC(=O)C1,[*]OCCC(C)CC([*])=O
0.750750751,-0.486138668,O=C1CCCO1,[*]OCCCC([*])=O
0.750750751,-13.04904261,CC1CCCC(=O)O1,[*]OC(C)CCCC([*])=O
0.750750751,-6.283731864,CCCCCC1CCCC(=O)O1,[*]OC(CCCCC)CCCC([*])=O
0.750750751,4.007923926,O=C1COCCO1,[*]OCCOCC([*])=O
0.750750751,-23.81459703,O=C1CCCCO1,[*]OCCCCC([*])=O
0.750750751,-16.73565293,O=C1CCCCCN1,[*]NCCCCCC([*])=O
0.750750751,-7.467875002,O=C1CCCCCCN1,[*]NCCCCCCC([*])=O
0.750750751,-25.26924393,O=C1CCCCCCCN1,[*]NCCCCCCCC([*])=O
0.750750751,-7.482074848,O=C1CCCCCCCCCCCN1,[*]NCCCCCCCCCCCC([*])=O
0.750750751,-80.70405051,C1CC1,[*]CCC[*]
0.750750751,-87.90154793,C1CO1,[*]CCO[*]
0.750750751,-83.77629971,C1CCC1,[*]CCCC[*]
0.750750751,-67.41640473,O=C1CCO1,[*]OCCC([*])=O
0.750750751,-7.007313591,C1CCCC1,[*]CCCCC[*]
0.750750751,-0.906514702,S=C1SCCCC1,S=C([*])CCCCS[*]
0.750750751,-15.49741271,S=C1OCCCC1,S=C([*])CCCCO[*]
0.750750751,2.666517759,O=C1N([H])CCCC1,O=C([*])CCCCN[*]
0.750750751,-22.27262695,O=C1OCCCO1,O=C([*])OCCCO[*]
0.750750751,-18.83714474,O=C1NCCCO1,O=C([*])OCCCN[*]
0.750750751,-6.10158765,O=C1OCCSC1,O=C([*])CSCCO[*]
0.750750751,-1.539818465,S=C1SCCSC1,S=C([*])CSCCS[*]
0.750750751,5.126,O=C1SCCCC1(C)C,O=C([*])C(C)(C)CCCS[*]
0.750750751,-14.87378653,O=C1SCCSC1,O=C([*])CSCCS[*]
0.750750751,3.353366043,O=C1CCCCS1,[*]CCCCC(=O)S[*]
0.750750751,-19.34593302,O=C1NCCCO1,[*]OCCCNC([*])=O
0.750750751,9.303631449,C1CCCCC1,[*]CCCCCC[*]
0.750750751,-10.22796667,C1CCCCCC1,[*]CCCCCCC[*]
0.750750751,-19.39271088,C1CCCCCCC1,[*]CCCCCCCC[*]
0.750750751,-8.267577357,C1=CCCC1,[*]CCCCC=[*]
0.750750751,-15.66670898,O=S1(=O)CCCO1,[*]CCCS(=O)(=O)O[*]
0.750750751,-76.18009596,CC1CC1,[*]CC(C)C[*]
0.750750751,-71.3266188,CC1CCC1,[*]CCC(C)C[*]
0.750750751,2.772601701,CC1CCCC1,[*]CCCC(C)C[*]
0.750750751,15.08862801,CC1CCCCC1,[*]CC(C)CCCC[*]
0.750750751,12.72820579,CC1(C)CCCC1,[*]CC(C)(C)CCC[*]
0.750750751,29.97799281,CC1(C)CCCCC1,[*]CC(C)(CCCC[*])C
0.750750751,-5.461991638,S=C1CCCCCO1,[*]CCCCCC(=S)O[*]
0.750750751,-9.907043821,CC1(C)SCCSC1=O,[*]CCSC(C)(C)C(=O)S[*]
0.750750751,-3.655677487,CC1SCCSC1=O,[*]CCSC(C)C(=O)S[*]
0.750750751,-24.19549237,CC1CCCOC1=O,[*]OCCCC(C)C([*])=O
0.750750751,-4.104394462,CCC1CCCC(=O)O1,[*]OC(CC)CCCC([*])=O
0.750750751,-0.878754717,CCCC1CCCC(=O)O1,[*]OC(CCC)CCCC([*])=O
0.750750751,-4.762329308,CCCCCCC1CCCC(=O)O1,[*]OC(CCCCCC)CCCC([*])=O
0.750750751,-0.0676,CCCCCCCC1CCCC(=O)O1,[*]OC(CCCCCCC)CCCC([*])=O
0.750750751,-9.853581061,CCCCCCCCCC1CCCC(=O)O1,[*]OC(CCCCCCCCC)CCCC([*])=O
0.750750751,-6.753660511,C=C1CCOC1=O,[*]OCCC(=C)C([*])=O
0.750750751,1.590599001,C1=CCCC1,[*]CC=CCC[*]
0.750750751,5.189630304,O=C1SCCC(C)C1,[*]C(CC(C)CCS[*])=O
0.750750751,15.72045307,O=C1SCCC(C)(C)C1,[*]C(CC(C)(C)CCS[*])=O
0.750750751,3.412125761,O=C1SCCCC1C,O=C(C(C)CCC[*])S[*]
0.750750751,-11.944881,CC1(C)COC(=O)OC1,[*]CC(C)(C)COC(=O)O[*]
0.750750751,-3.6278476,CCC1(CC)COC(=O)OC1,[*]CC(CC)(CC)COC(=O)O[*]
0.750750751,-13.50563381,CC2(c1ccccc1)COC(=O)OC2,[*]CC(C)(COC(=O)O[*])c1ccccc1
0.750750751,-0.585912777,CCC2(c1ccccc1)COC(=O)OC2,[*]CC(CC)(COC(=O)O[*])c1ccccc1
0.750750751,9.656307991,S=C1SCCSC1C2=CC=CC=C2,[*]C(C(C1=CC=CC=C1)SCCS[*])=S
0.750750751,4.792565957,S=C1SCCSC1(C)C,[*]C(C(C)(C)SCCS[*])=S
0.750750751,31.11589264,S=C(C(C)(C)S1)SC(C)(C)C1=S,[*]C(C(C)(C)SC(C(C)(C)S[*])=S)=S
0.750750751,-11.41380236,S=C1SCCCO1,S=C([*])OCCCS[*]
0.750750751,-17.35509188,S=C1OCCCO1,S=C([*])OCCCO[*]
0.750750751,-22.03334178,C=C(CCCS1)CC2=C1C=CC([N+]([O-])=O)=C2,C=C(CCCS[*])CC1=C([*])C=CC([N+]([O-])=O)=C1
0.750750751,-0.88264953,O=C(CCCS1)CC2=C1C=CC([N+]([O-])=O)=C2,O=C(CCCS[*])CC1=C([*])C=CC([N+]([O-])=O)=C1
0.750750751,-11.04430634,OC(CCCS1)CC2=C1C=CC([N+]([O-])=O)=C2,OC(CCCS[*])CC1=C([*])C=CC([N+]([O-])=O)=C1
0.750750751,-17.40815085,O=C1CC2=CC([N+]([O-])=O)=CC=C2SCCCC1,O=C(CCCCS[*])CC1=CC([N+]([O-])=O)=CC=C1[*]
0.750750751,-14.34327132,C=C1CC2=CC([N+]([O-])=O)=CC=C2SCCCC1,C=C(CCCCS[*])CC1=CC([N+]([O-])=O)=CC=C1[*]
0.750750751,-8.108704054,OC1CC2=CC([N+]([O-])=O)=CC=C2SCCCC1,OC(CCCCS[*])CC1=CC([N+]([O-])=O)=CC=C1[*]
0.600600601,-15.02317308,CC1OCCOC1=O,[*]OCCOC(C)C([*])=O
0.600600601,5.92479787,CC1CCC(C(C)C)OC(=O)C1,[*]OC(CCC(C)CC([*])=O)C(C)C
0.600600601,-0.339636737,CC1CCOC(=O)C1,[*]OCCC(C)CC([*])=O
0.600600601,0.739760867,O=C1CCCO1,[*]OCCCC([*])=O
0.600600601,-16.31028882,CC1CCCC(=O)O1,[*]OC(C)CCCC([*])=O
0.600600601,0.281553899,O=C1COCCO1,[*]OCCOCC([*])=O
0.600600601,-15.81772788,O=C1CCCCO1,[*]OCCCCC([*])=O
0.600600601,-17.24872697,O=C1CCCCCN1,[*]NCCCCCC([*])=O
0.600600601,-8.608686401,O=C1CCCCCCN1,[*]NCCCCCCC([*])=O
0.600600601,-25.71595631,O=C1CCCCCCCN1,[*]NCCCCCCCC([*])=O
0.600600601,-12.95315483,O=C1CCCCCCCCCCCN1,[*]NCCCCCCCCCCCC([*])=O
0.600600601,-87.27074861,C1CC1,[*]CCC[*]
0.600600601,-87.84665484,C1CO1,[*]CCO[*]
0.600600601,-83.95694087,C1CCC1,[*]CCCC[*]
0.600600601,-70.03088211,O=C1CCO1,[*]OCCC([*])=O
0.600600601,-7.780150848,C1CCCC1,[*]CCCCC[*]
0.600600601,-4.767364529,S=C1SCCCC1,S=C([*])CCCCS[*]
0.600600601,-0.116126573,S=C1OCCCC1,S=C([*])CCCCO[*]
0.600600601,10.39476152,O=C1N([H])CCCC1,O=C([*])CCCCN[*]
0.600600601,-21.18165286,O=C1OCCCO1,O=C([*])OCCCO[*]
0.600600601,-16.58803255,O=C1NCCCO1,O=C([*])OCCCN[*]
0.600600601,1.4560203,O=C1OCCSC1,O=C([*])CSCCO[*]
0.600600601,9.037088134,S=C1SCCSC1,S=C([*])CSCCS[*]
0.600600601,-5.636,O=C1SCCCC1(C)C,O=C([*])C(C)(C)CCCS[*]
0.600600601,0.701729401,O=C1SCCSC1,O=C([*])CSCCS[*]
0.600600601,-6.071564212,O=C1CCCCS1,[*]CCCCC(=O)S[*]
0.600600601,5.309380425,C1CCOC1,[*]CCCCO[*]
0.600600601,-15.6907,O=C1NCCCO1,[*]OCCCNC([*])=O
0.600600601,10.08117315,C1CCCCC1,[*]CCCCCC[*]
0.600600601,-15.46561841,C1CCCCCC1,[*]CCCCCCC[*]
0.600600601,-19.29645588,C1CCCCCCC1,[*]CCCCCCCC[*]
0.600600601,-7.348657438,C1=CCCC1,[*]CCCCC=[*]
0.600600601,-15.09010852,O=S1(=O)CCCO1,[*]CCCS(=O)(=O)O[*]
0.600600601,3.8842,CC1CCOC1,[*]OCC(C)CC[*]
0.600600601,-74.97073132,CC1CC1,[*]CC(C)C[*]
0.600600601,-74.44854241,CC1CCC1,[*]CCC(C)C[*]
0.600600601,0.58801081,CC1CCCC1,[*]CCCC(C)C[*]
0.600600601,21.0243825,CC1CCCCC1,[*]CC(C)CCCC[*]
0.600600601,-63.5806,CC1(C)CC1,[*]CC(C)(C)C[*]
0.600600601,30.32821801,CC1(C)CCCCC1,[*]CC(C)(CCCC[*])C
0.600600601,-15.8349,S=C1CCCCCO1,[*]CCCCCC(=S)O[*]
0.600600601,-12.13888838,O=C1OCCCCCC1,O=C(CCCCCCO[*])[*]
0.600600601,-9.370968395,CC1(C)SCCSC1=O,[*]CCSC(C)(C)C(=O)S[*]
0.600600601,0.032691729,CC1SCCSC1=O,[*]CCSC(C)C(=O)S[*]
0.600600601,-18.32158566,CC1CCCOC1=O,[*]OCCCC(C)C([*])=O
0.600600601,4.474823968,CC1CCC(=O)OC1,[*]OCC(C)CCC([*])=O
0.600600601,-4.63749208,CCC1CCCC(=O)O1,[*]OC(CC)CCCC([*])=O
0.600600601,-8.390863706,CCCC1CCCC(=O)O1,[*]OC(CCC)CCCC([*])=O
0.600600601,-7.670817671,CCCCC1CCCC(=O)O1,[*]OC(CCCC)CCCC([*])=O
0.600600601,-5.588192456,CCCCCCC1CCCC(=O)O1,[*]OC(CCCCCC)CCCC([*])=O
0.600600601,-0.0676,CCCCCCCC1CCCC(=O)O1,[*]OC(CCCCCCC)CCCC([*])=O
0.600600601,-22.28829159,CCCCCCCCCC1CCCC(=O)O1,[*]OC(CCCCCCCCC)CCCC([*])=O
0.600600601,-7.431898595,C=C1CCOC1=O,[*]OCCC(=C)C([*])=O
0.600600601,-2.60180517,C1=CCCC1,[*]CC=CCC[*]
0.600600601,16.43839939,O=C1SCCC(C)C1,[*]C(CC(C)CCS[*])=O
0.600600601,8.952490205,O=C1SCCC(C)(C)C1,[*]C(CC(C)(C)CCS[*])=O
0.600600601,-10.98929443,CC1(C)COC(=O)OC1,[*]CC(C)(C)COC(=O)O[*]
0.600600601,-6.5224068,CCC1(CC)COC(=O)OC1,[*]CC(CC)(CC)COC(=O)O[*]
0.600600601,-18.69021919,CC2(c1ccccc1)COC(=O)OC2,[*]CC(C)(COC(=O)O[*])c1ccccc1
0.600600601,-3.105008474,CCC2(c1ccccc1)COC(=O)OC2,[*]CC(CC)(COC(=O)O[*])c1ccccc1
0.600600601,3.31476191,O=C1SCCSC1C2=CC=CC=C2,[*]CCSC(C1=CC=CC=C1)C(S[*])=O
0.600600601,2.903066955,S=C1SCCSC1C2=CC=CC=C2,[*]C(C(C1=CC=CC=C1)SCCS[*])=S
0.600600601,1.6094,S=C1SCCSC1C,[*]C(C(C)SCCS[*])=S
0.600600601,5.188852776,S=C1SCCSC1(C)C,[*]C(C(C)(C)SCCS[*])=S
0.600600601,37.54123923,S=C(C(C)(C)S1)SC(C)(C)C1=S,[*]C(C(C)(C)SC(C(C)(C)S[*])=S)=S
0.600600601,-11.04212546,S=C1SCCCO1,S=C([*])OCCCS[*]
0.600600601,-14.87998212,S=C1OCCCO1,S=C([*])OCCCO[*]
0.600600601,-17.75992314,C=C(CCCS1)CC2=C1C=CC([N+]([O-])=O)=C2,C=C(CCCS[*])CC1=C([*])C=CC([N+]([O-])=O)=C1
0.600600601,-13.68087917,O=C(CCCS1)CC2=C1C=CC([N+]([O-])=O)=C2,O=C(CCCS[*])CC1=C([*])C=CC([N+]([O-])=O)=C1
0.600600601,-3.053426002,OC(CCCS1)CC2=C1C=CC([N+]([O-])=O)=C2,OC(CCCS[*])CC1=C([*])C=CC([N+]([O-])=O)=C1
0.600600601,-10.3274801,O=C1CC2=CC([N+]([O-])=O)=CC=C2SCCCC1,O=C(CCCCS[*])CC1=CC([N+]([O-])=O)=CC=C1[*]
0.600600601,-8.152456445,C=C1CC2=CC([N+]([O-])=O)=CC=C2SCCCC1,C=C(CCCCS[*])CC1=CC([N+]([O-])=O)=CC=C1[*]
0.600600601,-5.21061738,OC1CC2=CC([N+]([O-])=O)=CC=C2SCCCC1,OC(CCCCS[*])CC1=CC([N+]([O-])=O)=CC=C1[*]
0.501501502,4.540847171,CC1CCC(C(C)C)OC(=O)C1,[*]OC(CCC(C)CC([*])=O)C(C)C
0.501501502,-1.982656629,CC1CCOC(=O)C1,[*]OCCC(C)CC([*])=O
0.501501502,-14.40586034,CC1CCCC(=O)O1,[*]OC(C)CCCC([*])=O
0.501501502,-6.288428231,CCCCCC1CCCC(=O)O1,[*]OC(CCCCC)CCCC([*])=O
0.501501502,-12.84841687,O=C1CCCCO1,[*]OCCCCC([*])=O
0.501501502,-19.18464135,O=C1CCCCCN1,[*]NCCCCCC([*])=O
0.501501502,-12.85395421,O=C1CCCCCCN1,[*]NCCCCCCC([*])=O
0.501501502,-26.13836047,O=C1CCCCCCCN1,[*]NCCCCCCCC([*])=O
0.501501502,-7.351936979,O=C1CCCCCCCCCCCN1,[*]NCCCCCCCCCCCC([*])=O
0.501501502,-88.76884186,C1CC1,[*]CCC[*]
0.501501502,-87.92363497,C1CO1,[*]CCO[*]
0.501501502,-85.23316677,C1CCC1,[*]CCCC[*]
0.501501502,-70.97096181,O=C1CCO1,[*]OCCC([*])=O
0.501501502,-9.683952182,C1CCCC1,[*]CCCCC[*]
0.501501502,-2.924421561,S=C1SCCCC1,S=C([*])CCCCS[*]
0.501501502,-15.43978118,S=C1OCCCC1,S=C([*])CCCCO[*]
0.501501502,-22.76343995,O=C1OCCCO1,O=C([*])OCCCO[*]
0.501501502,-16.95073881,O=C1NCCCO1,O=C([*])OCCCN[*]
0.501501502,-7.931385457,O=C1OCCSC1,O=C([*])CSCCO[*]
0.501501502,3.894224371,S=C1SCCSC1,S=C([*])CSCCS[*]
0.501501502,-2.77,O=C1SCCCC1(C)C,O=C([*])C(C)(C)CCCS[*]
0.501501502,-1.308581357,O=C1SCCSC1,O=C([*])CSCCS[*]
0.501501502,5.38139467,O=C1CCCCS1,[*]CCCCC(=O)S[*]
0.501501502,-13.64087459,O=C1NCCCO1,[*]OCCCNC([*])=O
0.501501502,10.66282005,C1CCCCC1,[*]CCCCCC[*]
0.501501502,-11.62848801,C1CCCCCC1,[*]CCCCCCC[*]
0.501501502,-22.18322819,C1CCCCCCC1,[*]CCCCCCCC[*]
0.501501502,4.6463,CC1CCOC1,[*]OCC(C)CC[*]
0.501501502,-75.04097115,CC1CC1,[*]CC(C)C[*]
0.501501502,0.148490862,CC1CCCC1,[*]CCCC(C)C[*]
0.501501502,16.43571287,CC1CCCCC1,[*]CC(C)CCCC[*]
0.501501502,-64.8374,CC1(C)CC1,[*]CC(C)(C)C[*]
0.501501502,7.912484867,CC1(C)CCCC1,[*]CC(C)(C)CCC[*]
0.501501502,28.56173798,CC1(C)CCCCC1,[*]CC(C)(CCCC[*])C
0.501501502,-5.972706599,S=C1CCCCCO1,[*]CCCCCC(=S)O[*]
0.501501502,-18.44398124,CC1CCCOC1=O,[*]OCCCC(C)C([*])=O
0.501501502,-5.354062626,CCC1CCCC(=O)O1,[*]OC(CC)CCCC([*])=O
0.501501502,-1.615599348,CCCC1CCCC(=O)O1,[*]OC(CCC)CCCC([*])=O
0.501501502,-10.69866635,CCCCC1CCCC(=O)O1,[*]OC(CCCC)CCCC([*])=O
0.501501502,-0.09238,CCCCCCCC1CCCC(=O)O1,[*]OC(CCCCCCC)CCCC([*])=O
0.501501502,-16.09295995,CCCCCCCCCC1CCCC(=O)O1,[*]OC(CCCCCCCCC)CCCC([*])=O
0.501501502,-6.468975756,C=C1CCOC1=O,[*]OCCC(=C)C([*])=O
0.501501502,-6.270675652,C1=CCCC1,[*]CC=CCC[*]
0.501501502,7.889116163,O=C1SCCC(C)C1,[*]C(CC(C)CCS[*])=O
0.501501502,8.481982121,O=C1SCCC(C)(C)C1,[*]C(CC(C)(C)CCS[*])=O
0.501501502,-10.78096692,CC1(C)COC(=O)OC1,[*]CC(C)(C)COC(=O)O[*]
0.501501502,-7.94845963,CCC1(CC)COC(=O)OC1,[*]CC(CC)(CC)COC(=O)O[*]
0.501501502,-11.592997,CC2(c1ccccc1)COC(=O)OC2,[*]CC(C)(COC(=O)O[*])c1ccccc1
0.501501502,1.619230023,CCC2(c1ccccc1)COC(=O)OC2,[*]CC(CC)(COC(=O)O[*])c1ccccc1
0.501501502,20.73346192,S=C1SCCSC1C2=CC=CC=C2,[*]C(C(C1=CC=CC=C1)SCCS[*])=S
0.501501502,14.59259161,S=C1SCCSC1(C)C,[*]C(C(C)(C)SCCS[*])=S
0.501501502,49.12576204,S=C(C(C)(C)S1)SC(C)(C)C1=S,[*]C(C(C)(C)SC(C(C)(C)S[*])=S)=S
0.501501502,-2.342048508,S=C1SCCCO1,S=C([*])OCCCS[*]
0.501501502,-14.22822233,S=C1OCCCO1,S=C([*])OCCCO[*]
0.501501502,-15.20253844,C=C(CCCS1)CC2=C1C=CC([N+]([O-])=O)=C2,C=C(CCCS[*])CC1=C([*])C=CC([N+]([O-])=O)=C1
0.501501502,6.483185511,O=C(CCCS1)CC2=C1C=CC([N+]([O-])=O)=C2,O=C(CCCS[*])CC1=C([*])C=CC([N+]([O-])=O)=C1
0.501501502,-1.741421799,OC(CCCS1)CC2=C1C=CC([N+]([O-])=O)=C2,OC(CCCS[*])CC1=C([*])C=CC([N+]([O-])=O)=C1
0.501501502,-17.30914532,O=C1CC2=CC([N+]([O-])=O)=CC=C2SCCCC1,O=C(CCCCS[*])CC1=CC([N+]([O-])=O)=CC=C1[*]
0.501501502,-5.554922813,C=C1CC2=CC([N+]([O-])=O)=CC=C2SCCCC1,C=C(CCCCS[*])CC1=CC([N+]([O-])=O)=CC=C1[*]
0.501501502,4.539989888,OC1CC2=CC([N+]([O-])=O)=CC=C2SCCCC1,OC(CCCCS[*])CC1=CC([N+]([O-])=O)=CC=C1[*]
